id,file_path,speech,class
aew_b0328,aew\arctic_b0328.wav,"Change chairs, Daylight commanded.",aew
aew_b0062,aew\arctic_b0062.wav,Now it was missing from the wall.,aew
aew_b0377,aew\arctic_b0377.wav,A scarlet loincloth completed his costume.,aew
aew_b0425,aew\arctic_b0425.wav,"There were orange-green, gold-green, and a copper-green.",aew
aew_a0339,aew\arctic_a0339.wav,"They obeyed him, and went here and there at his commands.",aew
aew_a0335,aew\arctic_a0335.wav,Red-Eye swung back and forth on the branch farther down.,aew
aew_b0416,aew\arctic_b0416.wav,I arose obediently and went down the beach.,aew
aew_b0300,aew\arctic_b0300.wav,Does the old boy often go off at half-cock that way.,aew
aew_b0306,aew\arctic_b0306.wav,"Cameron looked at his hands with their long, sinewy fingers.",aew
aew_b0065,aew\arctic_b0065.wav,"Now have you got anything to say against me, Mr Philip.",aew
aew_b0195,aew\arctic_b0195.wav,Nobody knows how the natives got them.,aew
aew_a0065,aew\arctic_a0065.wav,They closed now until his fingers were like cords of steel.,aew
aew_b0460,aew\arctic_b0460.wav,"The more his opponents grew excited, the more Ernest deliberately excited them.",aew
aew_b0206,aew\arctic_b0206.wav,"Horses and rifles had been her toys, camp and trail her nursery.",aew
aew_a0316,aew\arctic_a0316.wav,"We had been chased by them ourselves, more than once.",aew
aew_b0215,aew\arctic_b0215.wav,"It is a good property, and worth more than that.",aew
aew_a0403,aew\arctic_a0403.wav,His newborn cunning gave him poise and control.,aew
aew_b0484,aew\arctic_b0484.wav,This the Iron Heel foresaw and laid its schemes accordingly.,aew
aew_a0409,aew\arctic_a0409.wav,He could feel a new stir in the land.,aew
aew_b0531,aew\arctic_b0531.wav,I am sure it must have been some adventure.,aew
aew_b0248,aew\arctic_b0248.wav,Exciting times are the lot of the fish patrol.,aew
aew_b0182,aew\arctic_b0182.wav,I was in New York when the crash came.,aew
aew_a0263,aew\arctic_a0263.wav,"Joan looked triumphantly at Sheldon, who bowed.",aew
aew_a0356,aew\arctic_a0356.wav,You don't catch me at any such foolishness.,aew
aew_b0320,aew\arctic_b0320.wav,The regret in his voice was provocative of a second burst of laughter.,aew
aew_a0487,aew\arctic_a0487.wav,"The river bared its bosom, and snorting steamboats challenged the wilderness.",aew
aew_a0178,aew\arctic_a0178.wav,Every bone in her aged body seemed broken or dislocated.,aew
aew_a0365,aew\arctic_a0365.wav,These rumors may even originate with us.,aew
aew_a0043,aew\arctic_a0043.wav,It seemed nearer to him since he had seen and talked with Gregson.,aew
aew_a0332,aew\arctic_a0332.wav,"Unconsciously, our yells and exclamations yielded to this rhythm.",aew
aew_a0540,aew\arctic_a0540.wav,"Yea, so are all the lesser animals of today clean.",aew
aew_a0300,aew\arctic_a0300.wav,From my earliest recollection my sleep was a period of terror.,aew
aew_a0209,aew\arctic_a0209.wav,"It was not a large lake, and almost round.",aew
aew_b0270,aew\arctic_b0270.wav,We could throw stones with our feet.,aew
aew_b0387,aew\arctic_b0387.wav,It is merely the simple superlative.,aew
aew_a0220,aew\arctic_a0220.wav,A dead man is of no use on a plantation.,aew
aew_b0293,aew\arctic_b0293.wav,Between him and all domestic animals there must be no hostilities.,aew
aew_a0061,aew\arctic_a0061.wav,Philip snatched at the letter which Gregson held out to him.,aew
aew_a0205,aew\arctic_a0205.wav,From now on we're pals.,aew
aew_b0042,aew\arctic_b0042.wav,Ten minutes had not elapsed since he had dropped the handkerchief.,aew
aew_b0173,aew\arctic_b0173.wav,To these he gave castor oil.,aew
aew_a0020,aew\arctic_a0020.wav,Clubs and balls and cities grew to be only memories.,aew
aew_a0368,aew\arctic_a0368.wav,I just do appreciate it without being able to express my feelings.,aew
aew_a0449,aew\arctic_a0449.wav,"A sinewy hand, dripping with water, was clutching the rail.",aew
aew_b0291,aew\arctic_b0291.wav,The awe of man rushed over him again.,aew
aew_a0165,aew\arctic_a0165.wav,They are to attack your camp tomorrow night.,aew
aew_b0041,aew\arctic_b0041.wav,"But if Pierre did not return, until tomorrow.",aew
aew_b0358,aew\arctic_b0358.wav,The temperature dropped to fifty below zero and remained there the whole trip.,aew
aew_a0131,aew\arctic_a0131.wav,Providence had delivered him through the maelstrom.,aew
aew_b0081,aew\arctic_b0081.wav,You were going to leave after you saw me on the rock.,aew
aew_a0212,aew\arctic_a0212.wav,"Fresh cases, still able to walk, they clustered about the spokesman.",aew
aew_b0179,aew\arctic_b0179.wav,Let them go out and eat with my boys.,aew
aew_b0357,aew\arctic_b0357.wav,The Law of Club and Fang,aew
aew_b0399,aew\arctic_b0399.wav,"You were looking squeamish this afternoon, he began.",aew
aew_b0278,aew\arctic_b0278.wav,Now animals do not like mockery.,aew
aew_a0458,aew\arctic_a0458.wav,The stout wood was crushed like an eggshell.,aew
aew_b0294,aew\arctic_b0294.wav,For a much longer time Lop-Ear and I remained and watched.,aew
aew_b0076,aew\arctic_b0076.wav,Before Philip could recover himself Jeanne's startled guards were upon him.,aew
aew_b0449,aew\arctic_b0449.wav,"Also, she wouldn't walk.",aew
aew_a0466,aew\arctic_a0466.wav,"Captain West may be a Samurai, but he is also human.",aew
aew_a0256,aew\arctic_a0256.wav,See the length of the body and that elongated neck.,aew
aew_a0485,aew\arctic_a0485.wav,Each insult added to the value of the claim.,aew
aew_a0400,aew\arctic_a0400.wav,Manuel had one besetting sin.,aew
aew_b0537,aew\arctic_b0537.wav,But she had become an automaton.,aew
aew_a0486,aew\arctic_a0486.wav,"For the rest, he was a mere automaton.",aew
aew_b0129,aew\arctic_b0129.wav,Did Thorpe go to see any one in Churchill.,aew
aew_a0108,aew\arctic_a0108.wav,He waded into the edge of the water and began scrubbing himself.,aew
aew_b0232,aew\arctic_b0232.wav,It was a superb picture.,aew
aew_b0044,aew\arctic_b0044.wav,For a few moments he ate in silence.,aew
aew_a0573,aew\arctic_a0573.wav,There was no law on the Yukon save what they made for themselves.,aew
aew_a0383,aew\arctic_a0383.wav,"To his surprise, her answer was flat and uncompromising.",aew
aew_a0022,aew\arctic_a0022.wav,Hardly were our plans made public before we were met by powerful opposition.,aew
aew_a0010,aew\arctic_a0010.wav,I'm playing a single hand in what looks like a losing game.,aew
aew_b0243,aew\arctic_b0243.wav,They had been on the same lay as ourselves.,aew
aew_a0554,aew\arctic_a0554.wav,"Jack London, Waikiki Beach, Honolulu, Oahu.",aew
aew_a0510,aew\arctic_a0510.wav,Much more Ernest told them of themselves and of his disillusionment.,aew
aew_b0508,aew\arctic_b0508.wav,In his anxiety and solicitude and love they did not count.,aew
aew_b0252,aew\arctic_b0252.wav,It resembled tea less than lager beer resembles champagne.,aew
aew_a0040,aew\arctic_a0040.wav,I suppose you wonder why she is coming up here.,aew
aew_b0061,aew\arctic_b0061.wav,"Something about it seemed to fascinate him, to challenge his presence.",aew
aew_b0532,aew\arctic_b0532.wav,That Longfellow chap most likely had written countless books of poetry.,aew
aew_b0429,aew\arctic_b0429.wav,And the Eurasian Chinese-Englishman bowed himself away.,aew
aew_b0111,aew\arctic_b0111.wav,The journey was continued at dawn.,aew
aew_b0334,aew\arctic_b0334.wav,"Oh, it's just a novel, a love story.",aew
aew_b0131,aew\arctic_b0131.wav,"Thorpe and his men were to destroy this camp, and kill you.",aew
aew_b0222,aew\arctic_b0222.wav,"He was the leader, and Tudor was his lieutenant.",aew
aew_a0056,aew\arctic_a0056.wav,Pearce's little eyes were fixed on him shrewdly.,aew
aew_b0121,aew\arctic_b0121.wav,I want my men to work by themselves.,aew
aew_a0088,aew\arctic_a0088.wav,"He made sure that the magazine was loaded, and resumed his paddling.",aew
aew_a0281,aew\arctic_a0281.wav,I do not blame you for anything; remember that.,aew
aew_a0430,aew\arctic_a0430.wav,Nevertheless we found ourselves once more in the high seat of abundance.,aew
aew_a0459,aew\arctic_a0459.wav,There's too much of the schoolboy in me.,aew
aew_a0489,aew\arctic_a0489.wav,"They were artists, not biologists.",aew
aew_a0086,aew\arctic_a0086.wav,Death had come with terrible suddenness.,aew
aew_a0375,aew\arctic_a0375.wav,The butchers and meat cutters refused to handle meat destined for unfair restaurants.,aew
aew_b0279,aew\arctic_b0279.wav,He gave one last snarl and slid from view among the trees.,aew
aew_b0246,aew\arctic_b0246.wav,The boy grew and prospered.,aew
aew_a0087,aew\arctic_a0087.wav,"Philip bent lower, and stared into the face of the dead man.",aew
aew_a0533,aew\arctic_a0533.wav,"Dunham, can your boy go along with Jesse.",aew
aew_b0536,aew\arctic_b0536.wav,Typhoid -- did I tell you.,aew
aew_b0192,aew\arctic_b0192.wav,"Outsiders are allowed five minute speeches, the sick man urged.",aew
aew_a0060,aew\arctic_a0060.wav,"Anyway, no one saw her like that.",aew
aew_a0253,aew\arctic_a0253.wav,He it was that lived to found the family of the Patino.,aew
aew_b0494,aew\arctic_b0494.wav,Never so strange a prophet came up to Jerusalem.,aew
aew_b0134,aew\arctic_b0134.wav,"Blind with rage, he darted in.",aew
aew_a0390,aew\arctic_a0390.wav,I'll go over tomorrow afternoon.,aew
aew_a0535,aew\arctic_a0535.wav,A new preacher and a new doctrine come to Jerusalem.,aew
aew_b0247,aew\arctic_b0247.wav,He wanted to give the finish to this foe already so far gone.,aew
aew_a0126,aew\arctic_a0126.wav,Each day she became a more vital part of him.,aew
aew_a0208,aew\arctic_a0208.wav,"Youth had come back to her, freed from the yoke of oppression.",aew
aew_b0369,aew\arctic_b0369.wav,"You see, we were teaching ourselves.",aew
aew_a0293,aew\arctic_a0293.wav,They were deep in the primeval forest.,aew
aew_b0466,aew\arctic_b0466.wav,"It is dog eat dog, and you ate them up.",aew
aew_a0083,aew\arctic_a0083.wav,A shadow was creeping over Pierre's eyes.,aew
aew_a0455,aew\arctic_a0455.wav,"I obeyed, and a minute or two later they stood before him.",aew
aew_b0120,aew\arctic_b0120.wav,"There's the hitch, replied Thorpe, rolling a cigarette.",aew
aew_a0011,aew\arctic_a0011.wav,If I ever needed a fighter in my life I need one now.,aew
aew_a0478,aew\arctic_a0478.wav,"Also, she has forbidden them smoking their pipes in the after-room.",aew
aew_b0106,aew\arctic_b0106.wav,For a full minute the two men stared into each other's face.,aew
aew_a0520,aew\arctic_a0520.wav,He was fond of quoting a fragment from a certain poem.,aew
aew_a0579,aew\arctic_a0579.wav,There was the Emma Louisa.,aew
aew_a0132,aew\arctic_a0132.wav,A cry of joy burst from Philip's lips.,aew
aew_a0536,aew\arctic_a0536.wav,He would destroy all things that are fixed.,aew
aew_a0393,aew\arctic_a0393.wav,Already he had begun borrowing from the banks.,aew
aew_b0103,aew\arctic_b0103.wav,"He lifted his eyes, and a strange cry burst from his lips.",aew
aew_a0532,aew\arctic_a0532.wav,May drought destroy your crops.,aew
aew_a0443,aew\arctic_a0443.wav,He was worth nothing to the world.,aew
aew_b0507,aew\arctic_b0507.wav,Did I possess too much vitality.,aew
aew_a0053,aew\arctic_a0053.wav,Suddenly his fingers closed tightly over the handkerchief.,aew
aew_a0024,aew\arctic_a0024.wav,It was my reports from the north which chiefly induced people to buy.,aew
aew_b0380,aew\arctic_b0380.wav,He had peeled off his shirt and was wildly waving it.,aew
aew_a0378,aew\arctic_a0378.wav,That's why its boundaries are all gouged and jagged.,aew
aew_a0447,aew\arctic_a0447.wav,"Ah, it is growing dark and darker.",aew
aew_a0511,aew\arctic_a0511.wav,There is more behind this than a mere university ideal.,aew
aew_b0235,aew\arctic_b0235.wav,"Raoul yelled, in order to make himself heard.",aew
aew_b0212,aew\arctic_b0212.wav,Death is and has been ever since old Maui died.,aew
aew_b0309,aew\arctic_b0309.wav,Nor was Elam Harnish an exception.,aew
aew_a0559,aew\arctic_a0559.wav,Peace be unto you and grace before the Lord.,aew
aew_a0521,aew\arctic_a0521.wav,Without them he could not run his empire.,aew
aew_b0289,aew\arctic_b0289.wav,At first his progress was slow and erratic.,aew
aew_b0096,aew\arctic_b0096.wav,Within himself he called it no longer his own.,aew
aew_a0070,aew\arctic_a0070.wav,He would first hunt up Gregson and begin his work there.,aew
aew_b0169,aew\arctic_b0169.wav,He drew in a deep breath as he looked at them.,aew
aew_a0204,aew\arctic_a0204.wav,The wolf-dog thrust his gaunt muzzle toward him.,aew
aew_b0286,aew\arctic_b0286.wav,The time was considered auspicious.,aew
aew_b0318,aew\arctic_b0318.wav,Again he had done the big thing.,aew
aew_a0519,aew\arctic_a0519.wav,Such an act was in direct violation of the laws of the land.,aew
aew_a0418,aew\arctic_a0418.wav,The Portuguese boy crawled nearer and nearer.,aew
aew_a0432,aew\arctic_a0432.wav,The boy at the wheel lost his head.,aew
aew_a0515,aew\arctic_a0515.wav,But here amongst ourselves let us speak out.,aew
aew_a0247,aew\arctic_a0247.wav,They ought to pass here some time today.,aew
aew_b0240,aew\arctic_b0240.wav,"There are four, all low, McCoy answered.",aew
aew_a0228,aew\arctic_a0228.wav,But it contributed to the smash.,aew
aew_a0098,aew\arctic_a0098.wav,Shall I carry you.,aew
aew_a0249,aew\arctic_a0249.wav,"All eyes, however, were staring at him in certitude of expectancy.",aew
aew_b0039,aew\arctic_b0039.wav,"Philip took a step toward Gregson, half determined to awaken him.",aew
aew_b0256,aew\arctic_b0256.wav,"Outwardly, he maintained a calm and smiling aspect.",aew
aew_b0514,aew\arctic_b0514.wav,Tomorrow or next day it might he gone.,aew
aew_a0524,aew\arctic_a0524.wav,At once would be instituted a dozen cooperative commonwealth states.,aew
aew_b0510,aew\arctic_b0510.wav,He knew what taboos he was violating.,aew
aew_b0495,aew\arctic_b0495.wav,We who have endured so much surely can endure a little more.,aew
aew_a0436,aew\arctic_a0436.wav,But Martin smiled a superior smile.,aew
aew_b0347,aew\arctic_b0347.wav,But ever his gaze returned to that Crouched Venus on the piano.,aew
aew_a0429,aew\arctic_a0429.wav,"Quick was the disappointment in his face, yet smiling was the acquiescence.",aew
aew_b0384,aew\arctic_b0384.wav,The skipper's and Nakata's gymnastics served as a translation without words.,aew
aew_b0356,aew\arctic_b0356.wav,He loved to play Chinese lottery.,aew
aew_b0418,aew\arctic_b0418.wav,At that moment I got the impression that she was willowy.,aew
aew_a0353,aew\arctic_a0353.wav,Here the explosion of mirth drowned him out.,aew
aew_b0138,aew\arctic_b0138.wav,"And then, steadily, he began to chew.",aew
aew_b0406,aew\arctic_b0406.wav,How in hell did he know it was you in the dark.,aew
aew_a0384,aew\arctic_a0384.wav,The farmer works the soil and produces grain.,aew
aew_a0039,aew\arctic_a0039.wav,The ship should be in within a week or ten days.,aew
aew_a0089,aew\arctic_a0089.wav,The nightglow was treacherous to shoot by.,aew
aew_b0322,aew\arctic_b0322.wav,Their supply of grub was gone.,aew
aew_b0015,aew\arctic_b0015.wav,They robbed me a few years later.,aew
aew_b0242,aew\arctic_b0242.wav,The Japanese understood as we could never school ourselves or hope to understand.,aew
aew_b0485,aew\arctic_b0485.wav,"The mob came on, but it could not advance.",aew
aew_b0431,aew\arctic_b0431.wav,"Too much, he told me, with ominous rolling head.",aew
aew_b0113,aew\arctic_b0113.wav,There was something pathetic in the girl's attitude now.,aew
aew_b0050,aew\arctic_b0050.wav,All this day Gregson remained in the cabin.,aew
aew_b0245,aew\arctic_b0245.wav,Harrison is still my chauffeur.,aew
aew_b0234,aew\arctic_b0234.wav,"And watch out for wet feet, was his parting advice.",aew
aew_b0127,aew\arctic_b0127.wav,He destroyed everything that had belonged to the woman.,aew
aew_a0289,aew\arctic_a0289.wav,"They are not regular oyster pirates, Nicholas continued.",aew
aew_a0585,aew\arctic_a0585.wav,"Wonder if he's a lion dog, Charles suggested.",aew
aew_a0023,aew\arctic_a0023.wav,A combination of Canadian capital quickly organized and petitioned for the same privileges.,aew
aew_b0420,aew\arctic_b0420.wav,"On occasion, on this traverse, the Cape Verde Islands are raised.",aew
aew_a0018,aew\arctic_a0018.wav,There was a change now.,aew
aew_a0221,aew\arctic_a0221.wav,I don't know why you're here at all.,aew
aew_b0456,aew\arctic_b0456.wav,He was an amphibian and a mountaineer.,aew
aew_a0007,aew\arctic_a0007.wav,And you always want to see it in the superlative degree.,aew
aew_a0079,aew\arctic_a0079.wav,It was a large canoe.,aew
aew_a0474,aew\arctic_a0474.wav,I sailed third mate in the little Vampire before you were born.,aew
aew_b0253,aew\arctic_b0253.wav,The very opposite is true; they are discouraged vagabonds.,aew
aew_a0448,aew\arctic_a0448.wav,"I was Hump, cabin boy on the schooner Ghost.",aew
aew_a0239,aew\arctic_a0239.wav,He cried in such genuine dismay that she broke into hearty laughter.,aew
aew_b0196,aew\arctic_b0196.wav,"How can you manage all alone, Mr Young.",aew
aew_a0243,aew\arctic_a0243.wav,I only read the quotations.,aew
aew_b0390,aew\arctic_b0390.wav,The voyage was our idea of a good time.,aew
aew_a0179,aew\arctic_a0179.wav,"Tomorrow I'm going after that bear, he said.",aew
aew_a0480,aew\arctic_a0480.wav,Tom Spink has a harpoon.,aew
aew_a0290,aew\arctic_a0290.wav,One by one the boys were captured.,aew
aew_b0199,aew\arctic_b0199.wav,"Dear Sir, Your second victim has fallen on schedule time.",aew
aew_a0413,aew\arctic_a0413.wav,But I am at the end of my resources.,aew
aew_a0160,aew\arctic_a0160.wav,You want to go over and see his gang throw dirt.,aew
aew_b0203,aew\arctic_b0203.wav,A month in Australia would finish me.,aew
aew_b0477,aew\arctic_b0477.wav,You're going in for grab sharing.,aew
aew_b0077,aew\arctic_b0077.wav,It is the nearest refuge.,aew
aew_a0468,aew\arctic_a0468.wav,In the matter of curry she is a sheer genius.,aew
aew_a0408,aew\arctic_a0408.wav,The Eldorado emptied its occupants into the street to see the test.,aew
aew_b0504,aew\arctic_b0504.wav,"The life there was healthful and athletic, but too juvenile.",aew
aew_b0302,aew\arctic_b0302.wav,"I pulled, suddenly, with all my might.",aew
aew_b0119,aew\arctic_b0119.wav,Billinger may arrive in time.,aew
aew_b0457,aew\arctic_b0457.wav,It was sanctification and salvation.,aew
aew_a0319,aew\arctic_a0319.wav,"And the Edinburgh Evening News says, with editorial gloom.",aew
aew_a0140,aew\arctic_a0140.wav,"Accept a father's blessing, and with it, this.",aew
aew_a0505,aew\arctic_a0505.wav,We fished sharks on Niihau together.,aew
aew_b0391,aew\arctic_b0391.wav,"At sea, Tuesday, March 17, 1908.",aew
aew_a0359,aew\arctic_a0359.wav,Earth and gravel seemed to fill the pan.,aew
aew_b0441,aew\arctic_b0441.wav,"And there was Ethel Baird, whom also you must remember.",aew
aew_b0451,aew\arctic_b0451.wav,You used to joyride like the very devil.,aew
aew_a0589,aew\arctic_a0589.wav,I was sick once -- typhoid.,aew
aew_b0002,aew\arctic_b0002.wav,"You got out by fighting, and I through a pretty girl.",aew
aew_a0584,aew\arctic_a0584.wav,I have long noted your thirst unquenchable.,aew
aew_a0257,aew\arctic_a0257.wav,"They are coming ashore, whoever they are.",aew
aew_b0297,aew\arctic_b0297.wav,Why should a fellow throw up the sponge after the first round.,aew
aew_b0395,aew\arctic_b0395.wav,"I was beneath the water, suffocating and drowning.",aew
aew_a0566,aew\arctic_a0566.wav,Dennin's hands were released long enough for him to sign the document.,aew
aew_a0006,aew\arctic_a0006.wav,"God bless 'em, I hope I'll go on seeing them forever.",aew
aew_a0420,aew\arctic_a0420.wav,When I came to I was waving my hat and murmuring ecstatically.,aew
aew_a0259,aew\arctic_a0259.wav,Think of investing in such an adventure.,aew
aew_b0394,aew\arctic_b0394.wav,"The boy hesitated, then mastered his temper.",aew
aew_a0182,aew\arctic_a0182.wav,This time he did not yap for mercy.,aew
aew_a0216,aew\arctic_a0216.wav,The other felt a sudden wave of irritation rush through him.,aew
aew_b0446,aew\arctic_b0446.wav,Some one had thrust a large sheath-knife into his hand.,aew
aew_b0430,aew\arctic_b0430.wav,They were babbling and chattering all together.,aew
aew_a0488,aew\arctic_a0488.wav,Their love burned with increasing brightness.,aew
aew_a0201,aew\arctic_a0201.wav,"He cried, and swung the club wildly.",aew
aew_b0191,aew\arctic_b0191.wav,He also contended that better confidence was established by carrying no weapons.,aew
aew_b0365,aew\arctic_b0365.wav,"My age, in years, is twenty two.",aew
aew_a0564,aew\arctic_a0564.wav,"Then it is as I said, Womble announced with finality.",aew
aew_a0543,aew\arctic_a0543.wav,"I had been born with no organic, chemical predisposition toward alcohol.",aew
aew_a0077,aew\arctic_a0077.wav,"It is the fire, partly, she said.",aew
aew_b0361,aew\arctic_b0361.wav,"There are the canals of China, and the Yang-tse River.",aew
aew_b0276,aew\arctic_b0276.wav,We were now good friends.,aew
aew_b0225,aew\arctic_b0225.wav,The President of the United States was his friend.,aew
aew_a0146,aew\arctic_a0146.wav,"Of course, that is uninteresting, she continued.",aew
aew_a0424,aew\arctic_a0424.wav,"Obviously, it was a disease that could be contracted by contact.",aew
aew_b0496,aew\arctic_b0496.wav,I have seen myself that one man contemplated by Pascal's philosophic eye.,aew
aew_b0442,aew\arctic_b0442.wav,He had become a man very early in life.,aew
aew_b0145,aew\arctic_b0145.wav,"Besides, had he not whipped the big owl in the forest.",aew
aew_b0436,aew\arctic_b0436.wav,Famine had been my great ally.,aew
aew_b0172,aew\arctic_b0172.wav,On the far corner of the compound fence a hawk brooded.,aew
aew_b0405,aew\arctic_b0405.wav,"And each year something happened, and I did not go.",aew
aew_a0255,aew\arctic_a0255.wav,"You won't die of malnutrition, be sure of that.",aew
aew_a0296,aew\arctic_a0296.wav,Bassett was a fastidious man.,aew
aew_a0045,aew\arctic_a0045.wav,He moved away as quietly as he had come.,aew
aew_a0118,aew\arctic_a0118.wav,Pierre obeys me when we are together.,aew
aew_b0073,aew\arctic_b0073.wav,With these arguments he convinced himself that he should go on alone.,aew
aew_b0455,aew\arctic_b0455.wav,His reward should have been peace and repose.,aew
aew_b0513,aew\arctic_b0513.wav,"He plodded on for half an hour, when the hallucination arose again.",aew
aew_a0446,aew\arctic_a0446.wav,"He deluged me, overwhelmed me with argument.",aew
aew_b0150,aew\arctic_b0150.wav,And he was filled with a strange and foreboding fear.,aew
aew_a0119,aew\arctic_a0119.wav,Jeanne was turning the bow shoreward.,aew
aew_b0100,aew\arctic_b0100.wav,"There was one chance, and only one, of saving Jeanne.",aew
aew_a0092,aew\arctic_a0092.wav,"He went down in midstream, searching the shadows of both shores.",aew
aew_b0259,aew\arctic_b0259.wav,"Her mouth opened, but instead of speaking she drew a long sigh.",aew
aew_a0453,aew\arctic_a0453.wav,"Eighteen hundred, he calculated.",aew
aew_a0500,aew\arctic_a0500.wav,Who the devil gave it to you to be judge and jury.,aew
aew_a0544,aew\arctic_a0544.wav,He may anticipate the day of his death.,aew
aew_b0117,aew\arctic_b0117.wav,"That's Thorpe's, said the young engineer.",aew
aew_b0014,aew\arctic_b0014.wav,"Whitefish, Gregson, whitefish and trout.",aew
aew_a0417,aew\arctic_a0417.wav,"It is also an insidious, deceitful sun.",aew
aew_b0464,aew\arctic_b0464.wav,I could not agree with Ernest.,aew
aew_a0215,aew\arctic_a0215.wav,They die out of spite.,aew
aew_a0411,aew\arctic_a0411.wav,It will break our hearts and our backs to hoist anchor by hand.,aew
aew_a0164,aew\arctic_a0164.wav,"He came first a year ago, and revealed himself to Jeanne.",aew
aew_b0108,aew\arctic_b0108.wav,"It was a miracle, and I owe you my life.",aew
aew_b0383,aew\arctic_b0383.wav,A bush chief had died a natural death.,aew
aew_a0580,aew\arctic_a0580.wav,This is my fifth voyage.,aew
aew_b0506,aew\arctic_b0506.wav,It would help to tide me along until I got steady employment.,aew
aew_a0457,aew\arctic_a0457.wav,What I saw I could not at first believe.,aew
aew_b0130,aew\arctic_b0130.wav,She saw the answer in his face.,aew
aew_b0095,aew\arctic_b0095.wav,He heard a sound which brought him quickly into consciousness of day.,aew
aew_b0107,aew\arctic_b0107.wav,"He was sure, now, of but few things.",aew
aew_a0078,aew\arctic_a0078.wav,"Then, and at supper, he tried to fathom her.",aew
aew_b0268,aew\arctic_b0268.wav,"Saxon nodded, and the boy frowned.",aew
aew_b0193,aew\arctic_b0193.wav,So was Packard's finish suicide.,aew
aew_a0051,aew\arctic_a0051.wav,"The lace was of a delicate ivory color, faintly tinted with yellow.",aew
aew_b0333,aew\arctic_b0333.wav,"It does, was her audacious answer.",aew
aew_a0326,aew\arctic_a0326.wav,Cherokee identified himself with his instinct.,aew
aew_b0017,aew\arctic_b0017.wav,"Everything was working smoothly, better than I had expected.",aew
aew_a0151,aew\arctic_a0151.wav,"And MacDougall was beyond the trail, with three weeks to spare.",aew
aew_a0307,aew\arctic_a0307.wav,"Very early in my life, I separated from my mother.",aew
aew_b0226,aew\arctic_b0226.wav,Your face was the personification of duplicity.,aew
aew_b0249,aew\arctic_b0249.wav,I know they are my oysters.,aew
aew_b0376,aew\arctic_b0376.wav,"Thought I, and a worthy fool he proved.",aew
aew_a0109,aew\arctic_a0109.wav,Do you know that you are shaking my confidence in you.,aew
aew_b0068,aew\arctic_b0068.wav,Only the chance sound had led him to observe them.,aew
aew_a0298,aew\arctic_a0298.wav,This tacit promise of continued acquaintance gave Saxon a little joy-thrill.,aew
aew_a0460,aew\arctic_a0460.wav,I had forgotten their existence.,aew
aew_a0041,aew\arctic_a0041.wav,Meanwhile I'll go out to breathe a spell.,aew
aew_a0570,aew\arctic_a0570.wav,Behind him lay the thousand-years-long road across all Siberia and Russia.,aew
aew_b0315,aew\arctic_b0315.wav,And this was their sole conversation throughout the meal.,aew
aew_b0018,aew\arctic_b0018.wav,I was completely lost in my work.,aew
aew_a0124,aew\arctic_a0124.wav,It was Jeanne singing softly over beyond the rocks.,aew
aew_a0046,aew\arctic_a0046.wav,"The girl faced him, her eyes shining with sudden fear.",aew
aew_b0402,aew\arctic_b0402.wav,An altruistic act is an act performed for the welfare of others.,aew
aew_b0509,aew\arctic_b0509.wav,He had fulfilled his duty and paid properly.,aew
aew_b0343,aew\arctic_b0343.wav,But how are you going to do it.,aew
aew_a0066,aew\arctic_a0066.wav,He saw Jeanne falter for a moment.,aew
aew_b0176,aew\arctic_b0176.wav,I'll see to poor Hughie.,aew
aew_a0345,aew\arctic_a0345.wav,She was trying to pass the apron string around him.,aew
aew_a0451,aew\arctic_a0451.wav,I noticed blood spouting from Kerfoot's left hand.,aew
aew_b0280,aew\arctic_b0280.wav,"Again the girls applauded, and Mrs Hall cried.",aew
aew_b0126,aew\arctic_b0126.wav,Blood was oozing slowly from the wounded man's right breast.,aew
aew_a0102,aew\arctic_a0102.wav,He will follow us soon.,aew
aew_a0324,aew\arctic_a0324.wav,It was not Red-Eye's way to forego revenge so easily.,aew
aew_a0370,aew\arctic_a0370.wav,He saw all men in the business game doing this.,aew
aew_a0190,aew\arctic_a0190.wav,Next to them the Canada jays were most persistent.,aew
aew_b0001,aew\arctic_b0001.wav,"Gad, do I remember it.",aew
aew_b0273,aew\arctic_b0273.wav,Then it was that a strange thing happened.,aew
aew_b0352,aew\arctic_b0352.wav,Now just what do you want to know.,aew
aew_a0415,aew\arctic_a0415.wav,It lasted as a deterrent for two days.,aew
aew_b0398,aew\arctic_b0398.wav,"I have been robbed, sir, I amended.",aew
aew_b0241,aew\arctic_b0241.wav,The women they carried away with them to the Big Valley.,aew
aew_b0184,aew\arctic_b0184.wav,Such things in her brain were like so many oaths on her lips.,aew
aew_a0213,aew\arctic_a0213.wav,Between him and the beach was the cane-grass fence of the compound.,aew
aew_a0342,aew\arctic_a0342.wav,"Seventeen, no, eighteen days ago.",aew
aew_a0320,aew\arctic_a0320.wav,With my strength I slammed it full into Red-Eye's face.,aew
aew_a0362,aew\arctic_a0362.wav,"Nope, not the slightest idea.",aew
aew_b0448,aew\arctic_b0448.wav,Sandel would never become a world champion.,aew
aew_b0337,aew\arctic_b0337.wav,Here he got a fresh thrill.,aew
aew_b0527,aew\arctic_b0527.wav,The very idea of it was preposterous.,aew
aew_a0262,aew\arctic_a0262.wav,They wouldn't be sweeping a big vessel like the Martha.,aew
aew_a0150,aew\arctic_a0150.wav,"Goodbye, Pierre, he shouted.",aew
aew_a0358,aew\arctic_a0358.wav,"They continued valiantly to lie, but the truth continued to outrun them.",aew
aew_a0279,aew\arctic_a0279.wav,She said with chattering teeth.,aew
aew_b0404,aew\arctic_b0404.wav,"Yes, and no, sir, was the slow reply.",aew
aew_a0192,aew\arctic_a0192.wav,He did not rush in.,aew
aew_a0264,aew\arctic_a0264.wav,"And I hope you've got plenty of chain out, Captain Young.",aew
aew_b0094,aew\arctic_b0094.wav,And yet if she came he had no words to say.,aew
aew_b0521,aew\arctic_b0521.wav,"And he thought of Oona, and of her words.",aew
aew_b0340,aew\arctic_b0340.wav,These quick little joys of hers were sources of joy to him.,aew
aew_a0106,aew\arctic_a0106.wav,The emotion which she had suppressed burst forth now in a choking sob.,aew
aew_b0412,aew\arctic_b0412.wav,"Ah, it was sweet in my ears.",aew
aew_a0334,aew\arctic_a0334.wav,He'll knock you off a few sticks in no time.,aew
aew_b0101,aew\arctic_b0101.wav,"You're a devil for fighting, and will surely win.",aew
aew_b0353,aew\arctic_b0353.wav,I want to know how all this is possible.,aew
aew_a0062,aew\arctic_a0062.wav,The men stared into each other's face.,aew
aew_b0453,aew\arctic_b0453.wav,"Isaac Ford, the austere soldier of the Lord, the old hypocrite.",aew
aew_a0185,aew\arctic_a0185.wav,The questions may have come vaguely in his mind.,aew
aew_a0067,aew\arctic_a0067.wav,"Surely I will excuse you, she cried.",aew
aew_a0329,aew\arctic_a0329.wav,"Ah, indeed.",aew
aew_a0445,aew\arctic_a0445.wav,"The creative joy, I murmured.",aew
aew_b0295,aew\arctic_b0295.wav,"All right, Sir, replied Jock with great regret.",aew
aew_a0127,aew\arctic_a0127.wav,"It was a temptation, but he resisted it.",aew
aew_a0416,aew\arctic_a0416.wav,The added weight had a velocity of fifteen miles per hour.,aew
aew_a0380,aew\arctic_a0380.wav,But in the canyons water was plentiful and also a luxuriant forest growth.,aew
aew_b0324,aew\arctic_b0324.wav,Not till the twentieth of May did the river break.,aew
aew_b0528,aew\arctic_b0528.wav,Captain Doane's orders were swiftly obeyed.,aew
aew_b0115,aew\arctic_b0115.wav,For two hours not a word passed between them.,aew
aew_b0490,aew\arctic_b0490.wav,What an excited whispering and conferring took place.,aew
aew_a0148,aew\arctic_a0148.wav,Now these things had been struck dead within him.,aew
aew_a0406,aew\arctic_a0406.wav,And that was the last of Francois and Perrault.,aew
aew_a0008,aew\arctic_a0008.wav,"Gad, your letter came just in time.",aew
aew_b0211,aew\arctic_b0211.wav,This is eighteen eighty.,aew
aew_b0110,aew\arctic_b0110.wav,"Such men believe, when they come together.",aew
aew_b0498,aew\arctic_b0498.wav,"I remembered the red wine of the Italian rancho, and shuddered inwardly.",aew
aew_b0385,aew\arctic_b0385.wav,Last night he showed all the symptoms of coming down with pneumonia.,aew
aew_b0067,aew\arctic_b0067.wav,Below him the shadow was broken into a pool of rippling starlight.,aew
aew_a0350,aew\arctic_a0350.wav,Is that Pat Hanrahan's mug looking hungry and willing.,aew
aew_a0189,aew\arctic_a0189.wav,"The big-eyed, clucking moose-birds were most annoying.",aew
aew_a0377,aew\arctic_a0377.wav,This sound did not disturb the hush and awe of the place.,aew
aew_a0555,aew\arctic_a0555.wav,Jerry was so secure in his nook that he did not roll away.,aew
aew_a0479,aew\arctic_a0479.wav,"I tried to read George Moore last night, and was dreadfully bored.",aew
aew_a0593,aew\arctic_a0593.wav,She'd make a good wife for the cashier.,aew
aew_b0220,aew\arctic_b0220.wav,"Harry Bancroft, Dave lied.",aew
aew_a0434,aew\arctic_a0434.wav,A half a case of tobacco was worth three pounds.,aew
aew_a0246,aew\arctic_a0246.wav,You have heard always how he was the lover of the Princess Naomi.,aew
aew_b0269,aew\arctic_b0269.wav,Why not like any railroad station or ferry depot.,aew
aew_b0167,aew\arctic_b0167.wav,"A little before dawn of the day following, the fire relief came.",aew
aew_b0445,aew\arctic_b0445.wav,"Mops, sir, eagerly answered the sailor at the wheel.",aew
aew_a0198,aew\arctic_a0198.wav,Sometimes her dreams were filled with visions.,aew
aew_b0161,aew\arctic_b0161.wav,"In a flash he was on his feet, facing him.",aew
aew_a0223,aew\arctic_a0223.wav,"My, I'm almost homesick for it already.",aew
aew_b0031,aew\arctic_b0031.wav,Gregson had seated himself under the lamp and was sharpening a pencil.,aew
aew_b0344,aew\arctic_b0344.wav,Lots of men take women buggy riding.,aew
aew_a0202,aew\arctic_a0202.wav,"She turned, fearing that Jacques might see what was in her face.",aew
aew_a0331,aew\arctic_a0331.wav,Poor little Crooked-Leg was terribly scared.,aew
aew_b0307,aew\arctic_b0307.wav,"We got few vegetables and fruits, and became fish eaters.",aew
aew_b0043,aew\arctic_b0043.wav,It won't be for sale.,aew
aew_a0055,aew\arctic_a0055.wav,"Philip stood undecided, his ears strained to catch the slightest sound.",aew
aew_b0089,aew\arctic_b0089.wav,Her beautiful hair was done up in shining coils.,aew
aew_b0218,aew\arctic_b0218.wav,The issue was not in doubt.,aew
aew_a0234,aew\arctic_a0234.wav,"Why, the average review is more nauseating than cod liver oil.",aew
aew_a0244,aew\arctic_a0244.wav,He was the soul of devotion to his employers.,aew
aew_b0501,aew\arctic_b0501.wav,"And wherever I ranged, the way lay along alcohol-drenched roads.",aew
aew_b0354,aew\arctic_b0354.wav,It's that much junk.,aew
aew_a0373,aew\arctic_a0373.wav,"Points of view, new ideas, life.",aew
aew_b0517,aew\arctic_b0517.wav,Eggshell is not good to eat.,aew
aew_b0265,aew\arctic_b0265.wav,I was not to cry out in the face of fear.,aew
aew_b0055,aew\arctic_b0055.wav,"She was even more beautiful than when I saw her, before.",aew
aew_a0396,aew\arctic_a0396.wav,A rising tide of fat had submerged them.,aew
aew_a0333,aew\arctic_a0333.wav,This is no place for you.,aew
aew_a0433,aew\arctic_a0433.wav,"To her the bridge was tambo, which is the native for taboo.",aew
aew_a0297,aew\arctic_a0297.wav,There's a big English general right now whose name is Roberts.,aew
aew_b0378,aew\arctic_b0378.wav,I like to speculate upon the glorious future of man.,aew
aew_a0317,aew\arctic_a0317.wav,He was a wise hyena.,aew
aew_a0337,aew\arctic_a0337.wav,"Encouraged by my conduct, Big-Face became a sudden ally.",aew
aew_b0410,aew\arctic_b0410.wav,Have you ever earned a dollar by your own labour.,aew
aew_b0350,aew\arctic_b0350.wav,Stand off butcher and baker and all the rest.,aew
aew_b0141,aew\arctic_b0141.wav,It was beating and waiting in the ambush of those black pits.,aew
aew_a0357,aew\arctic_a0357.wav,"A month passed by, and Bonanza Creek remained quiet.",aew
aew_b0216,aew\arctic_b0216.wav,"I wish you were more adaptable, Joan retorted.",aew
aew_a0541,aew\arctic_a0541.wav,The Warden with a quart of champagne.,aew
aew_a0123,aew\arctic_a0123.wav,She had died from cold and starvation.,aew
aew_a0294,aew\arctic_a0294.wav,He had been foiled in his attempt to escape.,aew
aew_b0086,aew\arctic_b0086.wav,He can care for himself.,aew
aew_b0072,aew\arctic_b0072.wav,"Then he hastened on, as Pierre had guided him.",aew
aew_a0476,aew\arctic_a0476.wav,At this moment I felt a stir at my shoulder.,aew
aew_b0255,aew\arctic_b0255.wav,"Then, again, Tudor had such an irritating way about him.",aew
aew_a0452,aew\arctic_a0452.wav,"Three oilers and a fourth engineer, was his greeting.",aew
aew_a0199,aew\arctic_a0199.wav,Thus had the raw wilderness prepared him for this day.,aew
aew_a0159,aew\arctic_a0159.wav,They look as though he had been drumming a piano all his life.,aew
aew_b0336,aew\arctic_b0336.wav,"How old are you, mother.",aew
aew_a0310,aew\arctic_a0310.wav,"Massage under tension, was the cryptic reply.",aew
aew_b0137,aew\arctic_b0137.wav,But this little defect did not worry him.,aew
aew_a0323,aew\arctic_a0323.wav,He considered the victory already his and stepped forward to the meat.,aew
aew_b0006,aew\arctic_b0006.wav,He seized Gregson by the arm and led him to the door.,aew
aew_a0305,aew\arctic_a0305.wav,"They had no fixed values, to be altered by adjectives and adverbs.",aew
aew_a0197,aew\arctic_a0197.wav,"Such a dog the wise driver kills, or turns loose.",aew
aew_b0473,aew\arctic_b0473.wav,Then there was the campaign.,aew
aew_a0327,aew\arctic_a0327.wav,"They were less stooped than we, less springy in their movements.",aew
aew_b0266,aew\arctic_b0266.wav,And now put yourself in my place for a moment.,aew
aew_a0254,aew\arctic_a0254.wav,"Straight out they swam, their heads growing smaller and smaller.",aew
aew_b0037,aew\arctic_b0037.wav,Philip knew that she was not an Indian.,aew
aew_a0015,aew\arctic_a0015.wav,It's the aurora borealis.,aew
aew_a0125,aew\arctic_a0125.wav,He was determined now to maintain a more certain hold upon himself.,aew
aew_a0314,aew\arctic_a0314.wav,Thus was momentum gained in the Younger World.,aew
aew_b0305,aew\arctic_b0305.wav,It was our river emerging like ourselves from the great swamp.,aew
aew_a0122,aew\arctic_a0122.wav,Two years ago I gave up civilization for this.,aew
aew_b0393,aew\arctic_b0393.wav,I was still weak from my prolonged immersion.,aew
aew_b0021,aew\arctic_b0021.wav,Philip dropped back into his chair.,aew
aew_b0205,aew\arctic_b0205.wav,You were destroying my life.,aew
aew_b0469,aew\arctic_b0469.wav,Very few people knew of the existence of this law.,aew
aew_b0499,aew\arctic_b0499.wav,"I said, and dismissed the matter as not worth thinking about.",aew
aew_a0534,aew\arctic_a0534.wav,"But Johannes could, and did.",aew
aew_a0492,aew\arctic_a0492.wav,Burnt out like the crater of a volcano.,aew
aew_a0219,aew\arctic_a0219.wav,At first he puzzled over something untoward he was sure had happened.,aew
aew_a0525,aew\arctic_a0525.wav,"The Oligarchy wanted violence, and it set its agents provocateurs to work.",aew
aew_b0239,aew\arctic_b0239.wav,And there was a dog that barked.,aew
aew_b0452,aew\arctic_b0452.wav,They saw each other for the first time in Boston.,aew
aew_a0454,aew\arctic_a0454.wav,The sharp voice of Wolf Larsen aroused me.,aew
aew_a0111,aew\arctic_a0111.wav,"Instead, he joined her; and they ate like two hungry children.",aew
aew_a0530,aew\arctic_a0530.wav,"Ask him, I laughed, then turned to Pasquini.",aew
aew_b0261,aew\arctic_b0261.wav,And he did hurt my arm.,aew
aew_a0143,aew\arctic_a0143.wav,"Ah, I had forgotten, he exclaimed.",aew
aew_a0121,aew\arctic_a0121.wav,"They ate dinner at the fifth, and rested for two hours.",aew
aew_b0497,aew\arctic_b0497.wav,One great drawback to farming in California is our long dry summer.,aew
aew_b0153,aew\arctic_b0153.wav,He was a pariah; a wanderer without a friend or a home.,aew
aew_a0435,aew\arctic_a0435.wav,What do you mean by this outrageous conduct.,aew
aew_a0047,aew\arctic_a0047.wav,Close beside him gleamed the white fangs of the wolf-dog.,aew
aew_b0518,aew\arctic_b0518.wav,But there was also talk of witchcraft in the village.,aew
aew_b0085,aew\arctic_b0085.wav,Her eyes smiled truth at him as he came up the bank.,aew
aew_a0286,aew\arctic_a0286.wav,Give them their choice between a fine or an official whipping.,aew
aew_b0214,aew\arctic_b0214.wav,Let us talk it over and find a way out.,aew
aew_a0527,aew\arctic_a0527.wav,The lush vegetation of that sheltered spot make a natural shield.,aew
aew_b0082,aew\arctic_b0082.wav,"He bit his tongue, and cursed himself at this fresh break.",aew
aew_b0326,aew\arctic_b0326.wav,Our Mr Howison will call upon you at your hotel.,aew
aew_b0204,aew\arctic_b0204.wav,Down through the perfume weighted air fluttered the snowy fluffs of the cottonwoods.,aew
aew_a0421,aew\arctic_a0421.wav,"By golly, the boy wins.",aew
aew_b0029,aew\arctic_b0029.wav,All operations have been carried on from Montreal and Toronto.,aew
aew_a0462,aew\arctic_a0462.wav,But she swung obediently on her heel into the wind.,aew
aew_a0529,aew\arctic_a0529.wav,"As I say, he had tapped the message very rapidly.",aew
aew_a0471,aew\arctic_a0471.wav,I saw Mr Pike nod his head grimly and sarcastically.,aew
aew_b0209,aew\arctic_b0209.wav,"He's terribly touchy about his black wards, as he calls them.",aew
aew_a0069,aew\arctic_a0069.wav,It was his intention to return to Eileen and her father.,aew
aew_b0187,aew\arctic_b0187.wav,Her achievements with cocoanuts were a revelation.,aew
aew_a0367,aew\arctic_a0367.wav,"There is not an iota of truth in it, certainly not.",aew
aew_b0345,aew\arctic_b0345.wav,"Daylight made no answer, and the door closed behind him.",aew
aew_b0056,aew\arctic_b0056.wav,"I'll give a thousand if you produce her, retorted Gregson.",aew
aew_b0472,aew\arctic_b0472.wav,Ernest saw in the affair the most sinister import.,aew
aew_a0166,aew\arctic_a0166.wav,Two days ago Jeanne learned where her father's men were hiding.,aew
aew_b0188,aew\arctic_b0188.wav,"He glanced down at her helplessly, and moistened his lips.",aew
aew_b0299,aew\arctic_b0299.wav,Miss Brodie's smile was slightly sarcastic.,aew
aew_b0003,aew\arctic_b0003.wav,I can see that knife now.,aew
aew_a0099,aew\arctic_a0099.wav,A maddening joy pounded in his brain.,aew
aew_a0463,aew\arctic_a0463.wav,"They are his tongue, by which he makes his knowledge articulate.",aew
aew_a0241,aew\arctic_a0241.wav,I think it's much nicer to quarrel.,aew
aew_a0344,aew\arctic_a0344.wav,He seemed to fill it with his tremendous vitality.,aew
aew_b0075,aew\arctic_b0075.wav,"In that case he could not miss them, if he used caution.",aew
aew_b0524,aew\arctic_b0524.wav,"So far as flags were concerned, they were beyond all jurisdiction.",aew
aew_b0136,aew\arctic_b0136.wav,Swiftly his eyes measured the situation.,aew
aew_a0218,aew\arctic_a0218.wav,The ringing of the big bell aroused him.,aew
aew_a0096,aew\arctic_a0096.wav,Perhaps she had already met her fate a little deeper in the forest.,aew
aew_a0498,aew\arctic_a0498.wav,The lines were now very taut.,aew
aew_a0236,aew\arctic_a0236.wav,Don't you see I hate you.,aew
aew_a0094,aew\arctic_a0094.wav,He had barely entered this when he saw the glow of a fire.,aew
aew_b0375,aew\arctic_b0375.wav,Man could not conquer them.,aew
aew_a0419,aew\arctic_a0419.wav,The Portuguese boy passed the Hawaiian.,aew
aew_a0085,aew\arctic_a0085.wav,A trickle of fresh blood ran over his face.,aew
aew_b0444,aew\arctic_b0444.wav,He did not know what went on in the minds of his superiors.,aew
aew_b0118,aew\arctic_b0118.wav,"We saw your light, and thought you wouldn't mind a call.",aew
aew_a0404,aew\arctic_a0404.wav,Perrault found one with head buried in the grub box.,aew
aew_a0539,aew\arctic_a0539.wav,I should like to engage just for one whole life in that.,aew
aew_a0157,aew\arctic_a0157.wav,"He had worshiped her, as Dante might have worshiped Beatrice.",aew
aew_b0170,aew\arctic_b0170.wav,"Then he shouted, Shut up.",aew
aew_b0512,aew\arctic_b0512.wav,You should have seen them when they heard me spitting Chinook.,aew
aew_a0174,aew\arctic_a0174.wav,They were the presage of storm.,aew
aew_a0028,aew\arctic_a0028.wav,"Robbery, bribery, fraud,",aew
aew_b0458,aew\arctic_b0458.wav,"The history of the eighteenth century is written, Ernest prompted.",aew
aew_a0276,aew\arctic_a0276.wav,Oolong Atoll was one hundred and forty miles in circumference.,aew
aew_b0093,aew\arctic_b0093.wav,Darkness hid him from Jeanne.,aew
aew_b0482,aew\arctic_b0482.wav,Many other similar disconcerting omissions will be noticed in the Manuscript.,aew
aew_b0011,aew\arctic_b0011.wav,His eyes never took themselves for an instant from his companion's face.,aew
aew_a0587,aew\arctic_a0587.wav,He had comparatively no advantages at first.,aew
aew_a0456,aew\arctic_a0456.wav,"But it won't continue, she said with easy confidence.",aew
aew_b0143,aew\arctic_b0143.wav,It took him half an hour to reach the edge of it.,aew
aew_a0191,aew\arctic_a0191.wav,For a time the exciting thrill of his adventure was gone.,aew
aew_b0414,aew\arctic_b0414.wav,It was impossible to hoist sail and claw off that shore.,aew
aew_b0254,aew\arctic_b0254.wav,At the same time spears and arrows began to fall among the invaders.,aew
aew_b0374,aew\arctic_b0374.wav,"To say the least, Captain Cook was a rather thorough going empiricist.",aew
aew_a0203,aew\arctic_a0203.wav,They were following the shore of a lake.,aew
aew_b0024,aew\arctic_b0024.wav,"It is growing, every day, every hour.",aew
aew_b0539,aew\arctic_b0539.wav,"You were making them talk shop, Ruth charged him.",aew
aew_a0225,aew\arctic_a0225.wav,I was brought up the way most girls in Hawaii are brought up.,aew
aew_a0550,aew\arctic_a0550.wav,This also became part of the daily schedule.,aew
aew_b0200,aew\arctic_b0200.wav,We leave the eventuality to time and law.,aew
aew_b0523,aew\arctic_b0523.wav,"The Russian music player, the Count, was her obedient slave.",aew
aew_a0154,aew\arctic_a0154.wav,"He was smooth-shaven, and his hair and eyes were black.",aew
aew_b0163,aew\arctic_b0163.wav,The moon had already begun its westward decline.,aew
aew_a0546,aew\arctic_a0546.wav,I lost my balance and pitched head foremost into the ooze.,aew
aew_a0115,aew\arctic_a0115.wav,He had no excuse for the feelings which were aroused in him.,aew
aew_a0173,aew\arctic_a0173.wav,The date was nearly eighteen years old.,aew
aew_a0347,aew\arctic_a0347.wav,They are greatly delighted with anything that is bright or giveth a sound.,aew
aew_a0033,aew\arctic_a0033.wav,"He unfolded a long typewritten letter, and handed it to Gregson.",aew
aew_a0484,aew\arctic_a0484.wav,No-sir-ee.,aew
aew_a0399,aew\arctic_a0399.wav,And here's another idea.,aew
aew_b0417,aew\arctic_b0417.wav,The next thing to watch out for is bed sores.,aew
aew_a0049,aew\arctic_a0049.wav,Gregson was asleep when he re-entered the cabin.,aew
aew_b0224,aew\arctic_b0224.wav,But to culture the Revolution thus far had exhausted the Junta.,aew
aew_a0325,aew\arctic_a0325.wav,Whiz-zip-bang. Lop-Ear screamed with sudden anguish.,aew
aew_b0505,aew\arctic_b0505.wav,How valiantly I went at it that first day.,aew
aew_a0155,aew\arctic_a0155.wav,"Won't you draw up, gentlemen.",aew
aew_a0091,aew\arctic_a0091.wav,His blood grew hot with rage at the thought.,aew
aew_b0313,aew\arctic_b0313.wav,The apron string loomed near and he shied like an unbroken colt.,aew
aew_b0030,aew\arctic_b0030.wav,Gregson held a lighted match until it burnt his fingertips.,aew
aew_a0572,aew\arctic_a0572.wav,I never saw anything like her in my life.,aew
aew_a0371,aew\arctic_a0371.wav,It issued a rate of forty two dollars a car on charcoal.,aew
aew_a0493,aew\arctic_a0493.wav,"The boy, O'Brien, was specially maltreated.",aew
aew_b0366,aew\arctic_b0366.wav,I forgot how easily I had taught myself from the printed page.,aew
aew_b0186,aew\arctic_b0186.wav,"I can't go elsewhere, by your own account.",aew
aew_b0290,aew\arctic_b0290.wav,"He placed his paw on one, and its movements were accelerated.",aew
aew_a0348,aew\arctic_a0348.wav,They only lifted seven hundred and fifty.,aew
aew_b0198,aew\arctic_b0198.wav,I use great trouble advisedly.,aew
aew_a0469,aew\arctic_a0469.wav,The eastern heavens were equally spectacular.,aew
aew_a0097,aew\arctic_a0097.wav,Then you can arrange yourself comfortably among these robes in the bow.,aew
aew_b0064,aew\arctic_b0064.wav,"I'm going down there with you, and I'm going to fight.",aew
aew_b0407,aew\arctic_b0407.wav,"Of course much grumbling went on, and little outbursts were continually occurring.",aew
aew_b0312,aew\arctic_b0312.wav,"Dig in; you're sure good, was Daylight's answer.",aew
aew_b0359,aew\arctic_b0359.wav,"And as never before, he was ready to obey.",aew
aew_a0513,aew\arctic_a0513.wav,We must give ourselves and not our money alone.,aew
aew_a0352,aew\arctic_a0352.wav,"I'm sure going along with you all, Elijah.",aew
aew_a0030,aew\arctic_a0030.wav,I had faith in them.,aew
aew_a0171,aew\arctic_a0171.wav,"And when you come back in a few days, bring Eileen.",aew
aew_b0519,aew\arctic_b0519.wav,"Yea, I will tell thee.",aew
aew_b0372,aew\arctic_b0372.wav,Mr McVeigh told me about him.,aew
aew_b0423,aew\arctic_b0423.wav,"Also, at regular intervals, he would mutter.",aew
aew_a0058,aew\arctic_a0058.wav,I came for information more out of curiosity than anything else.,aew
aew_b0053,aew\arctic_b0053.wav,"That is why I am, am rattled, he laughed.",aew
aew_b0465,aew\arctic_b0465.wav,But such divergence of opinion would constitute no menace to society.,aew
aew_a0470,aew\arctic_a0470.wav,He spat it out like so much venom.,aew
aew_b0164,aew\arctic_b0164.wav,They laughed like two happy children.,aew
aew_a0376,aew\arctic_a0376.wav,"Your price, my son, is just about thirty per week.",aew
aew_b0316,aew\arctic_b0316.wav,"Though the aurora still flamed, another day had begun.",aew
aew_b0342,aew\arctic_b0342.wav,Each improvement makes the value of everything else pump up.,aew
aew_b0023,aew\arctic_b0023.wav,"MacDougall, my engineer, believes it.",aew
aew_b0470,aew\arctic_b0470.wav,"The very thing, Ernest agreed.",aew
aew_b0370,aew\arctic_b0370.wav,And now behold the perversity of things.,aew
aew_a0029,aew\arctic_a0029.wav,Their forces were already moving into the north country.,aew
aew_a0170,aew\arctic_a0170.wav,There was none of the joy of meeting in his face.,aew
aew_b0341,aew\arctic_b0341.wav,I play that choice wide open to win.,aew
aew_b0432,aew\arctic_b0432.wav,"He is a candidate, rising from the serf class to our class.",aew
aew_a0196,aew\arctic_a0196.wav,He began to follow the footprints of the dog.,aew
aew_a0104,aew\arctic_a0104.wav,She was sleeping under his protection as sweetly as a child.,aew
aew_a0553,aew\arctic_a0553.wav,"I am writing these lines in Honolulu, Hawaii.",aew
aew_b0207,aew\arctic_b0207.wav,"I'm as good as a man, she urged.",aew
aew_b0178,aew\arctic_b0178.wav,"Also, I want information.",aew
aew_b0459,aew\arctic_b0459.wav,They are not biologists nor sociologists.,aew
aew_b0368,aew\arctic_b0368.wav,Please do not think that I already know it all.,aew
aew_b0194,aew\arctic_b0194.wav,"Joan cried, with shining eyes.",aew
aew_b0038,aew\arctic_b0038.wav,In her haste to get away she had forgotten these things.,aew
aew_b0155,aew\arctic_b0155.wav,His freshly caught furs he flung to the floor.,aew
aew_b0147,aew\arctic_b0147.wav,Had it struck squarely it would have killed him.,aew
aew_a0100,aew\arctic_a0100.wav,"You must sleep, he urged.",aew
aew_b0339,aew\arctic_b0339.wav,"Well, I'll be plumb gosh darned.",aew
aew_b0421,aew\arctic_b0421.wav,"She is essentially the life-giving, life-conserving female of the species.",aew
aew_a0037,aew\arctic_a0037.wav,I was the only one who remained sitting.,aew
aew_a0161,aew\arctic_a0161.wav,Take away their foreman and they wouldn't be worth their grub.,aew
aew_a0080,aew\arctic_a0080.wav,What if Jeanne failed him.,aew
aew_a0391,aew\arctic_a0391.wav,But he reconciled himself to it by an act of faith.,aew
aew_b0229,aew\arctic_b0229.wav,"I saw it all myself, and it was splendid.",aew
aew_a0186,aew\arctic_a0186.wav,Like a flash he launched himself into the feathered mass of the owl.,aew
aew_a0549,aew\arctic_a0549.wav,Do you know that we weigh every pound of coal we burn.,aew
aew_b0160,aew\arctic_b0160.wav,It was over when he made his way through the ring of spectators.,aew
aew_a0509,aew\arctic_a0509.wav,"Yet, in accordance with Ernest's test of truth, it worked.",aew
aew_a0518,aew\arctic_a0518.wav,Illuminating oil was becoming all profit.,aew
aew_a0187,aew\arctic_a0187.wav,Ahead of them they saw a glimmer of sunshine.,aew
aew_b0304,aew\arctic_b0304.wav,His previous wives had never lived long enough to bear him children.,aew
aew_b0443,aew\arctic_b0443.wav,I did not think you would be so early.,aew
aew_a0388,aew\arctic_a0388.wav,It was my idea to a tee.,aew
aew_a0268,aew\arctic_a0268.wav,Now go ahead and tell me in a straightforward way what has happened.,aew
aew_b0228,aew\arctic_b0228.wav,You were engaged.,aew
aew_a0343,aew\arctic_a0343.wav,"You mean for this State, General, Alberta.",aew
aew_b0413,aew\arctic_b0413.wav,"He may desire to escape pain, or to enjoy pleasure.",aew
aew_a0084,aew\arctic_a0084.wav,Scarcely had he uttered the name when Pierre's closing eyes shot open.,aew
aew_b0526,aew\arctic_b0526.wav,"Thirty pounds, said the captain with finality.",aew
aew_a0133,aew\arctic_a0133.wav,Philip began to feel that he had foolishly overestimated his strength.,aew
aew_b0440,aew\arctic_b0440.wav,"There were stir and bustle, new faces, and fresh facts.",aew
aew_b0373,aew\arctic_b0373.wav,"Unlike Joshua, he stood in no need of divine assistance.",aew
aew_a0048,aew\arctic_a0048.wav,"He looked at the handkerchief more, closely.",aew
aew_a0366,aew\arctic_a0366.wav,A wildly exciting time was his during the week preceding Thursday the eighteenth.,aew
aew_a0592,aew\arctic_a0592.wav,It's only his indigestion I find fault with.,aew
aew_a0504,aew\arctic_a0504.wav,He was an athlete and a giant.,aew
aew_a0019,aew\arctic_a0019.wav,"I followed the line of the proposed railroad, looking for chances.",aew
aew_a0054,aew\arctic_a0054.wav,There was nothing on the rock.,aew
aew_b0409,aew\arctic_b0409.wav,The dirk mentioned by Wolf Larsen rested in its sheath on my hip.,aew
aew_b0489,aew\arctic_b0489.wav,"He was a merry monarch, especially so for an Asiatic.",aew
aew_a0116,aew\arctic_a0116.wav,Was it the rendezvous of those who were striving to work his ruin.,aew
aew_a0360,aew\arctic_a0360.wav,But he no longer cared quite so much for that form of diversion.,aew
aew_b0109,aew\arctic_b0109.wav,Philip ate lightly of the food which Pierre had ready for him.,aew
aew_a0483,aew\arctic_a0483.wav,"Beyond dispute, Corry Hutchinson had married Mabel Holmes.",aew
aew_a0235,aew\arctic_a0235.wav,His voice was passionately rebellious.,aew
aew_b0128,aew\arctic_b0128.wav,Philip bent low over Pierre.,aew
aew_a0288,aew\arctic_a0288.wav,"Those are my oysters, he said at last.",aew
aew_a0016,aew\arctic_a0016.wav,"There's Fort Churchill, a rifle-shot beyond the ridge, asleep.",aew
aew_b0332,aew\arctic_b0332.wav,"As to how she dressed, he had no ideas at all.",aew
aew_b0335,aew\arctic_b0335.wav,Whoever lived on the ranch did that.,aew
aew_a0272,aew\arctic_a0272.wav,You can take a vacation on pay.,aew
aew_b0197,aew\arctic_b0197.wav,The planters are already considering the matter.,aew
aew_a0117,aew\arctic_a0117.wav,"She added, with genuine sympathy in her face and voice.",aew
aew_b0403,aew\arctic_b0403.wav,"Knowing him, I review the old Scandinavian myths with clearer understanding.",aew
aew_b0488,aew\arctic_b0488.wav,"Beyond refusing to sell us food, they left us to ourselves.",aew
aew_a0144,aew\arctic_a0144.wav,But there was something even more startling than this resemblance.,aew
aew_a0269,aew\arctic_a0269.wav,That's where they cut off the Scottish Chiefs and killed all hands.,aew
aew_a0044,aew\arctic_a0044.wav,Her own betrayal of herself was like tonic to Philip.,aew
aew_a0012,aew\arctic_a0012.wav,Gregson shoved back his chair and rose to his feet.,aew
aew_b0522,aew\arctic_b0522.wav,Nor would it thaw out his hands and feet.,aew
aew_b0503,aew\arctic_b0503.wav,The scents of strange vegetation blew off the tropic land.,aew
aew_b0479,aew\arctic_b0479.wav,Violation of this law was made a high misdemeanor and punished accordingly.,aew
aew_b0355,aew\arctic_b0355.wav,There was proper division of labor in the work they individually performed.,aew
aew_b0424,aew\arctic_b0424.wav,"It is a very tenable hypothesis, and will bear looking into.",aew
aew_b0251,aew\arctic_b0251.wav,They must have been swept away by the chaotic currents.,aew
aew_a0405,aew\arctic_a0405.wav,It seemed the ordained order of things that dogs should work.,aew
aew_b0381,aew\arctic_b0381.wav,And how would we ever find ourselves.,aew
aew_b0116,aew\arctic_b0116.wav,"I have hunted along this ridge, replied Philip.",aew
aew_a0103,aew\arctic_a0103.wav,But there came no promise from the bow of the canoe.,aew
aew_a0422,aew\arctic_a0422.wav,Halfway around the track one donkey got into an argument with its rider.,aew
aew_a0129,aew\arctic_a0129.wav,Her face was against his breast.,aew
aew_b0210,aew\arctic_b0210.wav,Whatever he guessed he locked away in the taboo room of Naomi.,aew
aew_b0054,aew\arctic_b0054.wav,He understood the meaning of the look.,aew
aew_b0122,aew\arctic_b0122.wav,Philip saw MacDougall soon after his short talk with Thorpe.,aew
aew_a0407,aew\arctic_a0407.wav,"Mercedes screamed, cried, laughed, and manifested the chaotic abandonment of hysteria.",aew
aew_a0401,aew\arctic_a0401.wav,"The man smiled grimly, and brought a hatchet and a club.",aew
aew_b0233,aew\arctic_b0233.wav,"So she said, the irate skipper dashed on.",aew
aew_a0497,aew\arctic_a0497.wav,King took every advantage he knew.,aew
aew_b0321,aew\arctic_b0321.wav,"Instead, he arrived on the night of the second day.",aew
aew_b0010,aew\arctic_b0010.wav,"He turned the map to Gregson, pointing with his finger.",aew
aew_b0049,aew\arctic_b0049.wav,"There was nothing more, except a large ink blot under the words.",aew
aew_b0189,aew\arctic_b0189.wav,That is what distinguishes all of us from the lower animals.,aew
aew_a0147,aew\arctic_a0147.wav,A moment before he was intoxicated by a joy that was almost madness.,aew
aew_a0076,aew\arctic_a0076.wav,The gray eyes faltered; the flush deepened.,aew
aew_a0233,aew\arctic_a0233.wav,I never allow what can't be changed to annoy me.,aew
aew_b0267,aew\arctic_b0267.wav,The boy threw back his head with pride.,aew
aew_b0483,aew\arctic_b0483.wav,The flower of the artistic and intellectual world were revolutionists.,aew
aew_b0102,aew\arctic_b0102.wav,I'll only be in the way.,aew
aew_b0162,aew\arctic_b0162.wav,He thought he saw a shudder pass through the Factor's shoulders.,aew
aew_a0152,aew\arctic_a0152.wav,Philip thrust himself against it and entered.,aew
aew_b0478,aew\arctic_b0478.wav,The Oligarchy will encourage such ambition and the consequent competition.,aew
aew_b0180,aew\arctic_b0180.wav,"I, I beg pardon, he drawled.",aew
aew_b0185,aew\arctic_b0185.wav,Your being wrecked here has been a godsend to me.,aew
aew_b0351,aew\arctic_b0351.wav,"Matthewson, who's this bookkeeper, Rogers.",aew
aew_a0270,aew\arctic_a0270.wav,And after the bath a shave would not be bad.,aew
aew_a0242,aew\arctic_a0242.wav,I saw it when she rolled.,aew
aew_b0183,aew\arctic_b0183.wav,"No, I did not fall among thieves.",aew
aew_a0284,aew\arctic_a0284.wav,There was no forecasting this strange girl's processes.,aew
aew_a0113,aew\arctic_a0113.wav,I suppose you picked that lingo up among the Indians.,aew
aew_a0038,aew\arctic_a0038.wav,We'll have to watch our chances.,aew
aew_b0379,aew\arctic_b0379.wav,Christmas is an easy problem compared with a Polynesian giving-feast.,aew
aew_a0569,aew\arctic_a0569.wav,"At Lake Linderman I had one canoe, very good Peterborough canoe.",aew
aew_b0281,aew\arctic_b0281.wav,Just the same I'd sooner be myself than have book indigestion.,aew
aew_b0028,aew\arctic_b0028.wav,Lord Fitzhugh is the key to the whole situation.,aew
aew_a0591,aew\arctic_a0591.wav,We are both children together.,aew
aew_b0084,aew\arctic_b0084.wav,Your face is red with blood.,aew
aew_b0051,aew\arctic_b0051.wav,The sixth day he spent in the cabin with Gregson.,aew
aew_a0568,aew\arctic_a0568.wav,"He was just bursting with joy, joy over what.",aew
aew_a0162,aew\arctic_a0162.wav,"That's the sub-foreman, explained Thorpe.",aew
aew_a0090,aew\arctic_a0090.wav,The singing voice approached rapidly.,aew
aew_a0427,aew\arctic_a0427.wav,Enters now the psychology of the situation.,aew
aew_a0473,aew\arctic_a0473.wav,The night was calm and snowy.,aew
aew_a0381,aew\arctic_a0381.wav,My name's Ferguson.,aew
aew_a0224,aew\arctic_a0224.wav,"She nodded, and her eyes grew soft and moist.",aew
aew_a0306,aew\arctic_a0306.wav,He was pressing beyond the limits of his vocabulary.,aew
aew_a0114,aew\arctic_a0114.wav,Her words sent a strange chill through Philip.,aew
aew_a0074,aew\arctic_a0074.wav,"And now, down there, Eileen was waiting for him.",aew
aew_b0438,aew\arctic_b0438.wav,They ran the canoe in and climbed the high earth bank.,aew
aew_b0007,aew\arctic_b0007.wav,Hear the Indian dogs wailing down at Churchill.,aew
aew_a0472,aew\arctic_a0472.wav,"He is too keenly intelligent, too sharply sensitive, successfully to endure.",aew
aew_a0285,aew\arctic_a0285.wav,But what they want with your toothbrush is more than I can imagine.,aew
aew_b0099,aew\arctic_b0099.wav,Fifty yards ahead of her were the first of the rocks.,aew
aew_b0060,aew\arctic_b0060.wav,He would keep his faith with Gregson for the promised day or two.,aew
aew_b0426,aew\arctic_b0426.wav,The Gabriel voice of the Samurai rang out.,aew
aew_b0244,aew\arctic_b0244.wav,"You are positively soulless, he said savagely.",aew
aew_b0400,aew\arctic_b0400.wav,How could I answer the question on the spur of the moment.,aew
aew_b0515,aew\arctic_b0515.wav,But already he had composed himself.,aew
aew_a0423,aew\arctic_a0423.wav,McVeigh when he returns from a trip to Honolulu.,aew
aew_b0364,aew\arctic_b0364.wav,In the Bohemian Club of San Francisco there are some crack sailors.,aew
aew_a0321,aew\arctic_a0321.wav,The log on which Lop-Ear was lying got adrift.,aew
aew_a0194,aew\arctic_a0194.wav,He drank of the water cautiously.,aew
aew_b0149,aew\arctic_b0149.wav,Pebbles and dirt flew along with hair and fur.,aew
aew_b0434,aew\arctic_b0434.wav,The steward has just tendered me a respectful bit of advice.,aew
aew_a0351,aew\arctic_a0351.wav,It was more like sugar.,aew
aew_a0013,aew\arctic_a0013.wav,"He was a head shorter than his companion, of almost delicate physique.",aew
aew_a0379,aew\arctic_a0379.wav,"How old are you, daddy.",aew
aew_b0296,aew\arctic_b0296.wav,At times I wondered where Sir Archibald got his style.,aew
aew_b0090,aew\arctic_b0090.wav,The Churchill narrowed and its current became swifter as they progressed.,aew
aew_b0480,aew\arctic_b0480.wav,"Without discussion, it was the agents provocateurs who caused the Peasant Revolt.",aew
aew_b0168,aew\arctic_b0168.wav,The Indian felt the worship of her warm in his heart.,aew
aew_b0208,aew\arctic_b0208.wav,You read the quotations in today's paper.,aew
aew_a0177,aew\arctic_a0177.wav,She had been thoroughly and efficiently mauled.,aew
aew_a0552,aew\arctic_a0552.wav,"Yet he dreams he is immortal, I argue feebly.",aew
aew_b0033,aew\arctic_b0033.wav,How does your wager look now.,aew
aew_a0523,aew\arctic_a0523.wav,They could not continue their method of producing surpluses.,aew
aew_b0070,aew\arctic_b0070.wav,There was no chance to fire without hitting him.,aew
aew_a0275,aew\arctic_a0275.wav,There are no kiddies and half grown youths among them.,aew
aew_a0005,aew\arctic_a0005.wav,Will we ever forget it.,aew
aew_b0124,aew\arctic_b0124.wav,"Two weeks passed, and in that time Thorpe left camp three times.",aew
aew_b0481,aew\arctic_b0481.wav,The task we set ourselves was threefold.,aew
aew_b0314,aew/arctic_b0314.wav,He had been born with this endowment.,aew
aew_b0008,aew/arctic_b0008.wav,Burke himself had criticized it because of the smile.,aew
aew_a0107,aew/arctic_a0107.wav,If you only could know how I thank you.,aew
aew_b0140,aew/arctic_b0140.wav,"They edged nearer, and stood shoulder to shoulder facing their world.",aew
aew_b0392,aew/arctic_b0392.wav,"Yes, sir, he answered, with cheerful alacrity.",aew
aew_b0016,aew/arctic_b0016.wav,He chuckled as he pulled out his pipe and began filling it.,aew
aew_a0426,aew/arctic_a0426.wav,They do not know the length of time of incubation.,aew
aew_a0273,aew/arctic_a0273.wav,They are big trees and require plenty of room.,aew
aew_a0355,aew/arctic_a0355.wav,A burst of laughter was his reward.,aew
aew_a0278,aew/arctic_a0278.wav,It would give me nervous prostration.,aew
aew_b0264,aew/arctic_b0264.wav,But this time it was Saxon who rebelled.,aew
aew_b0363,aew/arctic_b0363.wav,She was built primarily to sail.,aew
aew_b0020,aew/arctic_b0020.wav,He made no reply as he waited for Whittemore to continue.,aew
aew_b0057,aew/arctic_b0057.wav,They have won popular sentiment through the newspapers.,aew
aew_a0095,aew/arctic_a0095.wav,A big canvas tent was the first thing to come within his vision.,aew
aew_b0450,aew/arctic_b0450.wav,"To my dearest and always appreciated friend, I submit myself.",aew
aew_b0271,aew/arctic_b0271.wav,"It was put together in a casual, helter-skelter sort of way.",aew
aew_a0265,aew/arctic_a0265.wav,The discovery seemed to have been made on the spur of the moment.,aew
aew_a0168,aew/arctic_a0168.wav,Low bush whipped him in the face and left no sting.,aew
aew_a0349,aew/arctic_a0349.wav,"It was simple, in its way, and no virtue of his.",aew
aew_b0474,aew/arctic_b0474.wav,He was manifestly distressed by my coming.,aew
aew_a0003,aew/arctic_a0003.wav,For the twentieth time that evening the two men shook hands.,aew
aew_a0387,aew/arctic_a0387.wav,"Bob, growing disgusted, turned back suddenly and attempted to pass Mab.",aew
aew_a0025,aew/arctic_a0025.wav,I was about to do this when cooler judgment prevailed.,aew
aew_b0382,aew/arctic_b0382.wav,I defy any man to get a Solomon Island sore in California.,aew
aew_a0245,aew/arctic_a0245.wav,"Out of his eighteen hundred, he laid aside sixteen hundred each year.",aew
aew_a0560,aew/arctic_a0560.wav,His mouth opened; words shaped vainly on his lips.,aew
aew_b0422,aew/arctic_b0422.wav,This was when the explosion occurred.,aew
aew_b0491,aew/arctic_b0491.wav,"Jacob Brinker, who was his roadmate, brought the news.",aew
aew_a0506,aew/arctic_a0506.wav,The Claudine was leaving next morning for Honolulu.,aew
aew_a0105,aew/arctic_a0105.wav,"Only, it is so wonderful, so almost impossible to believe.",aew
aew_a0252,aew/arctic_a0252.wav,O'Brien had been a clean living young man with ideals.,aew
aew_b0135,aew/arctic_b0135.wav,In it was the joy of life.,aew
aew_a0467,aew/arctic_a0467.wav,"And so early in the voyage, too.",aew
aew_a0167,aew/arctic_a0167.wav,"I was near the cabin, and saw you.",aew
aew_a0309,aew/arctic_a0309.wav,"White Leghorns, said Mrs Mortimer.",aew
aew_b0158,aew/arctic_b0158.wav,"She obeyed, shrinking back with the baby in her arms.",aew
aew_b0250,aew/arctic_b0250.wav,By this time Charley was as enraged as the Greek.,aew
aew_b0401,aew/arctic_b0401.wav,I learned it myself in English ships.,aew
aew_a0112,aew/arctic_a0112.wav,He was wounded in the arm.,aew
aew_a0464,aew/arctic_a0464.wav,"Between the rush of the cascades, streaks of rust showed everywhere.",aew
aew_a0237,aew/arctic_a0237.wav,So Hughie and I did the managing ourselves.,aew
aew_a0547,aew/arctic_a0547.wav,Men like Joe Goose dated existence from drunk to drunk.,aew
aew_b0230,aew/arctic_b0230.wav,"Now run along, and tell them to hurry.",aew
aew_a0526,aew/arctic_a0526.wav,Nowhere did the raw earth appear.,aew
aew_a0042,aew/arctic_a0042.wav,How could he explain his possession of the sketch.,aew
aew_a0283,aew/arctic_a0283.wav,"The woman in you is only incidental, accidental, and irrelevant.",aew
aew_b0201,aew/arctic_b0201.wav,I also understand that similar branch organizations have made their appearance in Europe.,aew
aew_a0032,aew/arctic_a0032.wav,Since then some mysterious force has been fighting us at every step.,aew
aew_b0288,aew/arctic_b0288.wav,We would not spend another such night.,aew
aew_a0330,aew/arctic_a0330.wav,Red-Eye never committed a more outrageous deed.,aew
aew_b0323,aew/arctic_b0323.wav,"Crickets began to chirp, and more geese and ducks flew overhead.",aew
aew_a0138,aew/arctic_a0138.wav,In the picture he saw each moment a greater resemblance to Jeanne.,aew
aew_a0551,aew/arctic_a0551.wav,All an appearance can know is mirage.,aew
aew_b0034,aew/arctic_b0034.wav,He confessed that the sketch had startled him.,aew
aew_b0330,aew/arctic_b0330.wav,They only had a little thirty thousand dollar fire.,aew
aew_b0411,aew/arctic_b0411.wav,"He gave no reason, but his motive was obvious enough.",aew
aew_a0537,aew/arctic_a0537.wav,He was an enthusiast and a desert dweller.,aew
aew_a0528,aew/arctic_a0528.wav,"Men who endure it, call it living death.",aew
aew_a0308,aew/arctic_a0308.wav,His infernal chattering worries me even now as I think of it.,aew
aew_b0433,aew/arctic_b0433.wav,We are cooking on the coal stove and on the oil burners.,aew
aew_b0428,aew/arctic_b0428.wav,The history of our westward-faring race is written in it.,aew
aew_a0563,aew/arctic_a0563.wav,Mrs McFee's jaws brought together with a snap.,aew
aew_a0267,aew/arctic_a0267.wav,"Eli Harding asked, as Shunk started to follow.",aew
aew_a0382,aew/arctic_a0382.wav,Daylight found himself charmed and made curious by the little man.,aew
aew_a0295,aew/arctic_a0295.wav,And twenty men could hold it with spears and arrows.,aew
aew_b0217,aew/arctic_b0217.wav,Such is my passage engaged on the steamer.,aew
aew_a0565,aew/arctic_a0565.wav,"With them were Indians, also three other men.",aew
aew_a0557,aew/arctic_a0557.wav,The last refugee had passed.,aew
aew_b0386,aew/arctic_b0386.wav,My idea was that he would have more influence over the natives.,aew
aew_b0052,aew/arctic_b0052.wav,The flush was gone from her face.,aew
aew_a0274,aew/arctic_a0274.wav,And Raoul listened again to the tale of the house.,aew
aew_a0036,aew/arctic_a0036.wav,She turned in at the hotel.,aew
aew_a0153,aew/arctic_a0153.wav,MacDougall tapped his forehead suspiciously with a stubby forefinger.,aew
aew_a0226,aew/arctic_a0226.wav,That came before my A B C's.,aew
aew_a0514,aew/arctic_a0514.wav,We are consumed in our own flesh-pots.,aew
aew_b0005,aew/arctic_b0005.wav,His slim fingers closed like steel about Philip's.,aew
aew_a0542,aew/arctic_a0542.wav,"Without a doubt, some of them have dinner engagements.",aew
aew_b0362,aew/arctic_b0362.wav,We threaten to be of the one mind before the voyage is completed.,aew
aew_b0074,aew/arctic_b0074.wav,"Yet, behind them there was another and more powerful motive.",aew
aew_a0574,aew/arctic_a0574.wav,"Good business man, Curly, O'Brien was saying.",aew
aew_b0112,aew/arctic_b0112.wav,Jeanne and Pierre both gazed toward the great rock.,aew
aew_a0271,aew/arctic_a0271.wav,Now please give a plain statement of what occurred.,aew
aew_a0183,aew/arctic_a0183.wav,And the air was growing chilly.,aew
aew_a0475,aew/arctic_a0475.wav,"His outstretched arm dropped to his side, and he paused.",aew
aew_b0468,aew/arctic_b0468.wav,It was introduced by Representative Dick of Ohio.,aew
aew_b0301,aew/arctic_b0301.wav,A flying arrow passed between us.,aew
aew_a0556,aew/arctic_a0556.wav,"Why, he's bought forty pounds of goods from you already.",aew
aew_a0200,aew/arctic_a0200.wav,"He leapt again, and the club caught him once more.",aew
aew_b0475,aew/arctic_b0475.wav,Not a wheel moved in his empire.,aew
aew_a0431,aew/arctic_a0431.wav,Wada and Nakata were in a bit of a funk.,aew
aew_a0590,aew/arctic_a0590.wav,In a way he is my protege.,aew
aew_b0035,aew/arctic_b0035.wav,"After all, the picture was only a resemblance.",aew
aew_a0336,aew/arctic_a0336.wav,So unexpected was my charge that I knocked him off his feet.,aew
aew_b0142,aew/arctic_b0142.wav,Something vastly more thrilling had come into it now.,aew
aew_b0408,aew/arctic_b0408.wav,You have all the advantage.,aew
aew_a0064,aew/arctic_a0064.wav,The fourth and fifth days passed without any developments.,aew
aew_a0063,aew/arctic_a0063.wav,"Yes, it was a man who asked, a stranger.",aew
aew_a0315,aew/arctic_a0315.wav,"Saxon waited, for she knew a fresh idea had struck Billy.",aew
aew_a0503,aew/arctic_a0503.wav,His beady black eyes saw bargains where other men saw bankruptcy.,aew
aew_a0207,aew/arctic_a0207.wav,How much was it.,aew
aew_a0081,aew/arctic_a0081.wav,What if she did not come to the rock.,aew
aew_a0389,aew/arctic_a0389.wav,"Mab, she said.",aew
aew_a0277,aew/arctic_a0277.wav,"McCoy found a stifling, poisonous atmosphere in the pent cabin.",aew
aew_a0369,aew/arctic_a0369.wav,"In partnership with Daylight, the pair raided the San Jose Interurban.",aew
aew_a0491,aew/arctic_a0491.wav,"And as in denial of guilt, the one-legged boy replied.",aew
aew_a0482,aew/arctic_a0482.wav,And their chief virtue lies in that they will never wear out.,aew
aew_b0058,aew/arctic_b0058.wav,We must achieve our own salvation.,aew
aew_a0531,aew/arctic_a0531.wav,In what bucolic school of fence he had been taught was beyond imagining.,aew
aew_b0534,aew/arctic_b0534.wav,"I'll tell you, the librarian said with a brightening face.",aew
aew_b0388,aew/arctic_b0388.wav,I made no more overtures.,aew
aew_a0188,aew/arctic_a0188.wav,Two gigantic owls were tearing at the carcass.,aew
aew_b0284,aew/arctic_b0284.wav,"There was one difficulty, however.",aew
aew_b0219,aew/arctic_b0219.wav,"Well, there are better men in Hawaii, that's all.",aew
aew_a0346,aew/arctic_a0346.wav,Get down and dig in.,aew
aew_b0097,aew/arctic_b0097.wav,"Besides, that noise makes me deaf.",aew
aew_b0036,aew/arctic_b0036.wav,"He wondered, too, where Roscoe was.",aew
aew_b0415,aew/arctic_b0415.wav,There was nothing for us but the wide raw ocean.,aew
aew_b0260,aew/arctic_b0260.wav,It's worth eight dollars.,aew
aew_b0476,aew/arctic_b0476.wav,The reorganization of these countries took the form of revolution.,aew
aew_a0052,aew/arctic_a0052.wav,It was a curious coincidence.,aew
aew_b0146,aew/arctic_b0146.wav,"After all, it was simply a mistake in judgment.",aew
aew_a0176,aew/arctic_a0176.wav,For the first time in his life he was yearning for a scrap.,aew
aew_b0283,aew/arctic_b0283.wav,But we were without this momentum.,aew
aew_a0338,aew/arctic_a0338.wav,The fighting had now become intermittent.,aew
aew_a0128,aew/arctic_a0128.wav,This one hope was destroyed as quickly as it was born.,aew
aew_b0529,aew/arctic_b0529.wav,"Come on, Del Mar challenged.",aew
aew_b0092,aew/arctic_b0092.wav,I want to die in it.,aew
aew_a0149,aew/arctic_a0149.wav,For an instant he saw Pierre drawn like a silhouette against the sky.,aew
aew_a0299,aew/arctic_a0299.wav,I tell you I am disgusted with this adventure tomfoolery and rot.,aew
aew_a0282,aew/arctic_a0282.wav,If you mean to insinuate -- Brentwood began hotly.,aew
aew_a0439,aew/arctic_a0439.wav,"At sea, Wednesday, March 18, 1908.",aew
aew_a0304,aew/arctic_a0304.wav,I graduated last of my class.,aew
aew_a0508,aew/arctic_a0508.wav,Soon shall it be thrust back from off prostrate humanity.,aew
aew_a0318,aew/arctic_a0318.wav,Production is doubling and quadrupling upon itself.,aew
aew_a0169,aew/arctic_a0169.wav,Suddenly Jeanne stopped for an instant.,aew
aew_a0450,aew/arctic_a0450.wav,No man ate of the seal meat or the oil.,aew
aew_a0175,aew/arctic_a0175.wav,Down there the earth was already swelling with life.,aew
aew_b0171,aew/arctic_b0171.wav,He changed his seat for a steamer reclining chair.,aew
aew_b0177,aew/arctic_b0177.wav,"Her gray eyes were flashing, and her lips were quivering.",aew
aew_b0319,aew/arctic_b0319.wav,"Daylight was tired, profoundly tired.",aew
aew_a0558,aew/arctic_a0558.wav,"And the foundation stone of service, in his case, was obedience.",aew
aew_a0134,aew/arctic_a0134.wav,He obeyed the pressure of her hand.,aew
aew_a0026,aew/arctic_a0026.wav,It occurred to me that there would have to be an accounting.,aew
aew_a0035,aew/arctic_a0035.wav,"He stopped, and Philip nodded at the horrified question in his eyes.",aew
aew_a0031,aew/arctic_a0031.wav,They were three hundred yards apart.,aew
aew_b0427,aew/arctic_b0427.wav,The sunsets grow more bizarre and spectacular off this coast of the Argentine.,aew
aew_a0495,aew/arctic_a0495.wav,He bore no grudges and had few enemies.,aew
aew_b0275,aew/arctic_b0275.wav,But I did not enjoy it long.,aew
aew_b0236,aew/arctic_b0236.wav,Oolong was two hundred and fifty miles from the nearest land.,aew
aew_b0257,aew/arctic_b0257.wav,Tudor surveyed him with withering disgust.,aew
aew_a0364,aew/arctic_a0364.wav,"We have plenty of capital ourselves, and yet we want more.",aew
aew_b0437,aew/arctic_b0437.wav,Nowhere in the North is the soil so prolific.,aew
aew_a0172,aew/arctic_a0172.wav,Gregson had left the outer door slightly ajar.,aew
aew_b0287,aew/arctic_b0287.wav,Or have they already devised one.,aew
aew_a0130,aew/arctic_a0130.wav,"She was his now, forever.",aew
aew_b0166,aew/arctic_b0166.wav,"Fast, but endure.",aew
aew_a0158,aew/arctic_a0158.wav,Does that look good.,aew
aew_a0386,aew/arctic_a0386.wav,"I can't argue with you, and you know that.",aew
aew_a0361,aew/arctic_a0361.wav,"But he did not broach it, preferring to mature it carefully.",aew
aew_b0389,aew/arctic_b0389.wav,"Among my minor afflictions, I may mention a new and mysterious one.",aew
aew_b0371,aew/arctic_b0371.wav,Yield yourself to the waters that are ripping and tearing at you.,aew
aew_b0396,aew/arctic_b0396.wav,The pain from my hurt knee was agonizing.,aew
aew_b0066,aew/arctic_b0066.wav,"If I meet her again I shall apologize, said Eileen.",aew
aew_a0021,aew/arctic_a0021.wav,It fairly clubbed me into recognizing it.,aew
aew_a0313,aew/arctic_a0313.wav,Broken-Tooth yelled with fright and pain.,aew
